Date,Time,CarState,Actual Mode,Message,BattLevel,Batt Limit,Pwr2Grid,Charge Power,Phases,Charge Active
,,,,,,,,,,
2022-05-11,08:47:02,---,1,Power ON ,0,0,0,0,0,False
2022-05-11,08:47:07,---,1,"IDLE, waiting for event ... ",66,88,1.6,0,1,False
2022-05-11,08:55:24,Car ready,3,SOLAR CHARGE active ,66,80,1.8,0,1,False
2022-05-11,08:55:43,CAR CHARGING,3,SOLAR CHARGE active ,66,80,1.8,1.48,1,True
2022-05-11,09:04:44,CAR CHARGING,1,"IDLE, waiting for event ... ",66,80,-0.1,1.46,1,True
2022-05-11,09:06:47,Car ready,3,SOLAR CHARGE active ,66,80,1.9,0,1,False
2022-05-11,09:07:07,CAR CHARGING,3,SOLAR CHARGE active ,66,80,1.9,1.48,1,True
2022-05-11,09:07:51,CAR CHARGING,1,"IDLE, waiting for event ... ",66,80,0,1.5,1,True
2022-05-11,09:09:57,Car ready,3,SOLAR CHARGE active ,67,80,2.2,0,1,False
2022-05-11,09:10:56,Car ready,1,"IDLE, waiting for event ... ",67,80,-0.1,1.77,1,True
2022-05-11,09:13:00,Car ready,3,SOLAR CHARGE active ,67,80,2,0,1,False
2022-05-11,09:17:09,Car ready,1,"IDLE, waiting for event ... ",67,80,-0.1,1.69,1,True
2022-05-11,09:17:09,CAR CHARGING,1,"IDLE, waiting for event ... ",67,80,-0.1,1.69,1,True
2022-05-11,09:18:14,Car ready,3,SOLAR CHARGE active ,67,80,2.3,0,1,False
2022-05-11,09:27:09,CAR CHARGING,3,SOLAR CHARGE active ,67,80,0.4,2.04,1,True
2022-05-11,09:28:17,CAR CHARGING,3,User Exit App,67,80,0.4,2.07,1,True
2022-05-11,09:28:47,---,1,Power ON ,0,0,0,0,0,False
2022-05-11,09:28:52,---,1,"IDLE, waiting for event ... ",67,80,2.4,0,1,False
2022-05-11,09:32:11,---,1,Power ON ,0,0,0,0,0,False
2022-05-11,09:32:16,---,1,"IDLE, waiting for event ... ",67,80,2.4,0,1,False
2022-05-11,09:33:16,Car ready,3,SOLAR CHARGE active ,67,80,2.5,0,1,False
2022-05-11,09:33:35,CAR CHARGING,3,SOLAR CHARGE active ,67,80,2.5,1.96,1,True
2022-05-11,09:43:36,CAR CHARGING,3,SOLAR CHARGE active ,68,80,0.2,2.31,1,True
2022-05-11,09:53:37,CAR CHARGING,3,SOLAR CHARGE active ,68,80,0.3,2.47,1,True
2022-05-11,10:03:37,CAR CHARGING,3,SOLAR CHARGE active ,69,80,0.4,2.69,1,True
2022-05-11,10:05:31,CAR CHARGING,3,User Exit App,69,80,0.4,2.71,1,True
2022-05-11,10:05:45,---,1,Power ON ,0,0,0,0,0,False
2022-05-11,10:05:50,---,1,"IDLE, waiting for event ... ",69,80,3.1,0,1,False
2022-05-11,10:06:50,Car ready,3,SOLAR CHARGE active ,69,80,3.1,0,1,False
2022-05-11,10:07:10,CAR CHARGING,3,SOLAR CHARGE active ,69,80,3.1,2.66,1,True
2022-05-11,10:17:10,CAR CHARGING,3,SOLAR CHARGE active ,70,80,0.4,2.75,1,True
2022-05-11,10:27:11,CAR CHARGING,3,SOLAR CHARGE active ,71,80,0.2,2.51,1,True
2022-05-11,10:37:12,CAR CHARGING,3,SOLAR CHARGE active ,72,80,0.5,3.11,1,True
2022-05-11,10:47:12,CAR CHARGING,3,SOLAR CHARGE active ,72,80,0.7,3.16,1,True
2022-05-11,10:47:57,CAR CHARGING,10,ERROR on charger ,73,80,0.7,3.16,1,True
2022-05-11,10:56:51,CAR CHARGING,1,"IDLE, waiting for event ... ",73,80,0.5,3.11,1,True
2022-05-11,10:57:12,CAR CHARGING,1,"IDLE, waiting for event ... ",74,80,0.5,3.18,1,True
2022-05-11,11:07:13,CAR CHARGING,1,"IDLE, waiting for event ... ",74,80,0.9,3.12,1,True
2022-05-11,11:14:16,Car ready,10,ERROR on charger ,75,80,1,3.12,1,True
2022-05-11,11:15:52,Car ready,1,"IDLE, waiting for event ... ",75,80,0,3.09,1,True
2022-05-11,11:17:13,CAR CHARGING,1,"IDLE, waiting for event ... ",75,80,0.1,3.15,1,True
2022-05-11,11:27:14,CAR CHARGING,1,"IDLE, waiting for event ... ",76,80,0.5,3.1,1,True
2022-05-11,11:37:14,CAR CHARGING,1,"IDLE, waiting for event ... ",77,80,0,3.07,1,True
2022-05-11,11:47:16,CAR CHARGING,1,"IDLE, waiting for event ... ",78,80,1.5,3.16,1,True
2022-05-11,11:57:16,CAR CHARGING,1,"IDLE, waiting for event ... ",79,80,1.6,3.06,1,True
2022-05-11,12:07:16,CAR CHARGING,1,"IDLE, waiting for event ... ",80,80,1.7,3.05,1,True
2022-05-11,12:17:17,CAR CHARGING,1,"IDLE, waiting for event ... ",80,85,1.7,3.14,1,True
2022-05-11,12:20:44,Car ready,1,User Exit App,81,85,1.6,3.13,1,True
2022-05-13,21:33:54,---,1,Power ON ,0,0,0,0.0,0,False
2022-05-13,21:34:03,---,1,"IDLE, waiting for event ... ",67,85,-0.3,0.0,1,False
2022-05-13,21:41:22,Car ready,10,ERROR on charger ,67,85,-0.5,0.0,1,False
2022-05-13,21:46:19,Car ready,1,"IDLE, waiting for event ... ",67,85,-0.5,0.0,1,False
2022-05-13,23:26:22,Car ready,1,User Exit App,67,85,-0.2,0.0,1,False
2022-05-14,09:13:53,---,1,Power ON ,0,0,0,0.0,0,False
2022-05-14,09:13:58,---,1,"IDLE, waiting for event ... ",67,85,2.2,0.0,1,False
2022-05-14,09:14:59,Car ready,3,SOLAR CHARGE active ,67,85,2.4,0.0,1,False
2022-05-14,09:15:18,CAR CHARGING,3,SOLAR CHARGE active ,67,85,2.4,1.97,1,True
2022-05-14,09:17:04,CAR CHARGING,1,"IDLE, waiting for event ... ",67,85,-1.3,2.44,1,True
2022-05-14,09:39:33,Car ready,10,ERROR on charger ,67,85,-0.4,0.0,1,False
2022-05-14,09:47:31,Error reading car,1,"IDLE, waiting for event ... ",67,85,-0.5,0.0,1,False
2022-05-14,09:49:05,Car ready,3,SOLAR CHARGE active ,67,85,1.9,0.0,1,False
2022-05-14,09:49:25,CAR CHARGING,3,SOLAR CHARGE active ,67,85,1.9,1.46,1,True
2022-05-14,09:52:11,CAR CHARGING,1,"IDLE, waiting for event ... ",67,85,0.2,1.5,1,True
2022-05-14,10:12:38,Error reading car,3,SOLAR CHARGE active ,67,85,2.6,0.0,1,False
2022-05-14,10:12:56,CAR CHARGING,3,SOLAR CHARGE active ,67,85,2.6,2.4,1,True
2022-05-14,10:13:37,CAR CHARGING,1,"IDLE, waiting for event ... ",67,85,-1.0,2.35,1,True
2022-05-14,10:15:44,Car ready,3,SOLAR CHARGE active ,67,85,2.1,0.0,1,False
2022-05-14,10:22:56,CAR CHARGING,3,SOLAR CHARGE active ,-1,85,0.4,3.13,1,True
2022-05-14,10:32:57,CAR CHARGING,3,SOLAR CHARGE active ,67,85,0.4,3.11,1,True
2022-05-14,10:42:58,CAR CHARGING,3,SOLAR CHARGE active ,-1,85,0.5,3.15,1,True
2022-05-14,10:52:58,CAR CHARGING,3,SOLAR CHARGE active ,67,85,0.6,3.18,1,True
2022-05-14,11:02:58,CAR CHARGING,3,SOLAR CHARGE active ,67,85,0.9,3.18,1,True
2022-05-14,11:12:59,CAR CHARGING,3,SOLAR CHARGE active ,67,85,1.0,3.13,1,True
2022-05-14,11:23:00,CAR CHARGING,3,SOLAR CHARGE active ,67,85,1.2,3.15,1,True
2022-05-14,11:33:01,CAR CHARGING,3,SOLAR CHARGE active ,67,85,1.2,3.14,1,True
2022-05-14,11:43:01,CAR CHARGING,3,SOLAR CHARGE active ,-1,85,1.3,3.17,1,True
2022-05-14,11:45:05,Error reading car,3,User Exit App,67,85,1.4,3.18,1,True
2022-05-14,11:46:33,---,1,Power ON ,0,0,0,0.0,0,False
2022-05-14,11:46:37,---,1,"IDLE, waiting for event ... ",75,85,4.4,0.0,1,False
2022-05-14,11:47:38,Car ready,3,SOLAR CHARGE active ,75,85,4.4,0.0,1,False
2022-05-14,11:48:00,CAR CHARGING,3,SOLAR CHARGE active ,75,80.0,4.4,3.11,1,True
2022-05-14,11:50:52,---,1,Power ON ,0,0,0,0.0,0,False
2022-05-14,11:50:56,---,1,"IDLE, waiting for event ... ",75,80,1.5,0.0,1,False
2022-05-14,11:51:56,Car ready,3,SOLAR CHARGE active ,75,80,4.5,0.0,1,False
2022-05-14,11:52:15,CAR CHARGING,3,SOLAR CHARGE active ,75,80,4.5,3.2,1,True
2022-05-14,11:57:40,CAR CHARGING,1,"IDLE, waiting for event ... ",75,80,1.6,3.17,1,True
2022-05-14,12:07:06,---,1,Power ON ,0,0,0,0.0,0,False
2022-05-14,12:07:12,---,1,"IDLE, waiting for event ... ",77,80,-0.9,3.18,1,False
2022-05-14,12:08:11,Car ready,3,SOLAR CHARGE active ,77,80,1.9,0.0,1,False
2022-05-14,12:08:30,CAR CHARGING,3,SOLAR CHARGE active ,77,80,1.9,1.53,1,True
2022-05-14,12:10:14,CAR CHARGING,1,"IDLE, waiting for event ... ",77,80,-0.9,1.48,1,True
2022-05-14,12:38:08,Car ready,3,SOLAR CHARGE active ,77,80,4.7,0.0,1,False
2022-05-14,12:38:26,CAR CHARGING,3,SOLAR CHARGE active ,77,80,4.7,3.13,1,True
2022-05-14,12:46:25,CAR CHARGING,1,"IDLE, waiting for event ... ",77,80.0,1.7,3.22,1,True
2022-05-14,12:49:13,Car ready,3,SOLAR CHARGE active ,77,80.0,4.8,0.0,1,False
2022-05-14,12:49:31,CAR CHARGING,3,SOLAR CHARGE active ,77,80.0,4.8,3.42,1,True
2022-05-14,12:59:31,CAR CHARGING,3,SOLAR CHARGE active ,77,80.0,0.2,2.42,1,True
2022-05-14,13:09:31,CAR CHARGING,3,SOLAR CHARGE active ,77,80.0,1.7,3.4,1,True
2022-05-14,13:11:59,CAR CHARGING,1,"IDLE, waiting for event ... ",77,80.0,-0.7,2.41,1,True
2022-05-14,13:12:58,Car ready,3,SOLAR CHARGE active ,77,80,4.3,0.0,1,False
2022-05-14,13:19:32,CAR CHARGING,3,SOLAR CHARGE active ,79,80,1.3,3.42,1,True
2022-05-14,13:29:33,CAR CHARGING,3,SOLAR CHARGE active ,79,80,1.5,3.08,1,True
2022-05-14,13:39:33,CAR CHARGING,3,SOLAR CHARGE active ,79,80,1.2,3.41,1,True
2022-05-14,13:49:34,CAR CHARGING,3,SOLAR CHARGE active ,79,80,0.8,3.39,1,True
2022-05-14,13:59:28,Error reading car,1,"IDLE, waiting for event ... ",83,80,0.9,3.47,1,True
2022-05-14,13:59:35,CAR CHARGING,1,"IDLE, waiting for event ... ",83,80,0.9,3.47,1,True
2022-05-14,15:07:16,Car ready,3,SOLAR CHARGE active ,-1,80,4.1,0.0,1,False
2022-05-14,15:07:25,CAR CHARGING,3,SOLAR CHARGE active ,-1,80,4.1,0.0,1,True
2022-05-14,15:09:10,Error reading car,1,"IDLE, waiting for event ... ",83,80,0.6,3.43,1,True
2022-05-14,16:11:32,Car ready,0,CAR UNPLUGGED ,83,80,3.1,0,1,False
2022-05-14,17:02:25,Car unplugged,1,"IDLE, waiting for event ... ",83,80,2.2,0.0,1,False
2022-05-16,09:06:58,---,1,Power ON ,0,0,0,0.0,0,False
2022-05-16,09:43:48,---,1,"IDLE, waiting for event ... ",-1,80,0.8,0.0,1,False
2022-05-16,09:43:54,---,1,Power ON ,0,0,0,0.0,0,False
2022-05-16,09:43:59,---,1,"IDLE, waiting for event ... ",82,80,0.7,0.0,1,False
2022-05-16,10:25:28,Car ready,3,SOLAR CHARGE active ,82,83.0,2.8,0.0,1,False
2022-05-16,10:25:46,CAR CHARGING,3,SOLAR CHARGE active ,82,83.0,2.8,2.48,1,True
2022-05-16,10:31:43,CAR CHARGING,1,"IDLE, waiting for event ... ",83,83.0,0.4,2.87,1,True
2022-05-17,09:35:44,Error reading car,3,SOLAR CHARGE active ,-1,83,2.6,0.0,1,False
2022-05-17,09:36:04,CAR CHARGING,3,SOLAR CHARGE active ,-1,83,2.6,2.34,1,True
2022-05-17,09:36:19,Error reading car,3,User Exit App,-1,83,2.6,2.34,1,True
2022-05-17,11:58:09,---,1,Power ON ,0,0,0,0.0,0,False
2022-05-17,11:58:15,---,1,"IDLE, waiting for event ... ",83,83,4.6,0.0,1,False
2022-05-17,11:59:15,Car ready,3,SOLAR CHARGE active ,83,84.0,4.6,0.0,1,False
2022-05-17,11:59:34,CAR CHARGING,3,SOLAR CHARGE active ,83,84.0,4.6,3.19,1,True
2022-05-17,12:09:34,CAR CHARGING,3,SOLAR CHARGE active ,83,84.0,0.4,1.48,1,True
2022-05-17,12:10:45,CAR CHARGING,1,"IDLE, waiting for event ... ",83,84.0,0.1,1.48,1,True
2022-05-17,12:34:51,Car ready,3,SOLAR CHARGE active ,83,84,3.6,0.0,1,False
2022-05-17,12:35:11,CAR CHARGING,3,SOLAR CHARGE active ,83,84,3.6,3.2,1,True
2022-05-17,12:45:11,CAR CHARGING,3,SOLAR CHARGE active ,83,84,1.3,3.18,1,True
2022-05-17,12:48:57,CAR CHARGING,1,"IDLE, waiting for event ... ",83,83.0,1.3,3.16,1,True
2022-05-17,14:30:18,Error reading car,0,CAR UNPLUGGED ,-1,83,4.4,0,1,False
2022-05-17,16:22:17,Car unplugged,1,"IDLE, waiting for event ... ",-1,83,4.3,0.0,1,False
2022-05-17,16:24:02,Error reading car,3,SOLAR CHARGE active ,82,83,2.7,0.0,1,False
2022-05-17,16:24:21,CAR CHARGING,3,SOLAR CHARGE active ,82,83,2.7,2.44,1,True
2022-05-17,16:26:08,CAR CHARGING,1,"IDLE, waiting for event ... ",83,83,0.3,2.61,1,True
2022-05-18,09:30:02,Car ready,1,User Exit App,83,83,2.6,0.0,1,False
2022-05-18,09:30:12,---,1,Power ON ,0,0,0,0.0,0,False
2022-05-18,09:30:18,---,1,"IDLE, waiting for event ... ",83,83,2.5,0.0,1,False
2022-05-18,09:30:31,Car ready,1,User Exit App,83,84.0,2.5,0.0,1,False
2022-05-18,09:30:36,---,1,Power ON ,0,0,0,0.0,0,False
2022-05-18,09:30:44,---,1,"IDLE, waiting for event ... ",83,84,2.5,0.0,1,False
2022-05-18,09:31:41,Car ready,3,SOLAR CHARGE active ,83,84,2.5,0.0,1,False
2022-05-18,09:32:00,CAR CHARGING,3,SOLAR CHARGE active ,83,84,2.5,1.97,1,True
2022-05-18,09:42:01,CAR CHARGING,3,SOLAR CHARGE active ,83,84,0.3,2.31,1,True
2022-05-18,09:49:19,CAR CHARGING,3,User Exit App,83,84,0.5,2.6,1,True
2022-05-18,09:49:49,---,1,Power ON ,0,0,0,0.0,0,False
2022-05-18,09:51:18,---,1,Power ON ,0,0,0,0.0,0,False
2022-05-18,09:52:04,---,1,Power ON ,0,0,0,0.0,0,False
2022-05-18,09:52:09,---,1,"IDLE, waiting for event ... ",83,84,2.9,0.0,1,False
2022-05-18,09:53:00,Car ready,1,User Exit App,83,84,2.9,0.0,1,False
2022-05-18,10:02:38,---,1,Power ON ,0,0,0,0.0,0,False
2022-05-18,10:02:43,---,1,"IDLE, waiting for event ... ",83,84,3.1,0.0,1,False
2022-05-18,10:03:44,Car ready,3,SOLAR CHARGE active ,83,84,3.0,0.0,1,False
2022-05-18,10:04:03,CAR CHARGING,3,SOLAR CHARGE active ,83,84,3.0,2.59,1,True
2022-05-18,10:04:46,CAR CHARGING,1,"IDLE, waiting for event ... ",84,84,0.6,2.59,1,True
2022-05-18,10:25:13,Car ready,1,User Exit App,84,84,0.9,2.57,1,False
2022-05-18,10:41:24,---,1,Power ON ,0,0,0,0.0,0,False
2022-05-18,10:41:28,---,1,"IDLE, waiting for event ... ",84,84,3.6,0.0,1,False
2022-05-18,10:42:08,Car ready,6,FORCED charge stopped ,84,84,3.6,2.52,1,False
2022-05-18,10:49:23,Car ready,6,User Exit App,84,84,3.6,0.0,1,False
2022-05-18,10:49:28,---,1,Power ON ,0,0,0,0.0,0,False
2022-05-18,10:49:33,---,1,"IDLE, waiting for event ... ",84,84,3.6,0.0,1,False
2022-05-18,10:51:02,Car ready,6,FORCED charge stopped ,84,84,1.3,2.48,1,False
2022-05-18,10:52:04,Car ready,1,"IDLE, waiting for event ... ",84,84,1.2,0.0,1,False
2022-05-18,10:55:30,Car ready,1,User Exit App,84,84,3.7,0.0,1,False
2022-05-18,10:55:40,---,1,Power ON ,0,0,0,0.0,0,False
2022-05-18,10:55:58,---,1,"IDLE, waiting for event ... ",84,84,3.7,0.0,1,False
2022-05-18,10:59:37,Car ready,1,User Exit App,84,84,3.7,0.0,1,False
2022-05-18,10:59:43,---,1,Power ON ,0,0,0,0.0,0,False
2022-05-18,10:59:48,---,1,"IDLE, waiting for event ... ",84,84,3.8,0.0,1,False
2022-05-18,11:00:26,Car ready,7,EXTERNAL charge active ,84,84,3.8,2.56,1,False
2022-05-18,11:01:08,Car ready,1,"IDLE, waiting for event ... ",84,84,1.4,0.0,1,False
2022-05-18,11:06:27,Car ready,1,User Exit App,84,84,4.1,0.0,1,False
2022-05-18,11:06:32,---,1,Power ON ,0,0,0,0.0,0,False
2022-05-18,11:06:37,---,1,"IDLE, waiting for event ... ",84,84,4.1,0.0,1,False
2022-05-18,11:07:16,Car ready,7,EXTERNAL charge active ,84,84,4.1,2.58,1,False
2022-05-18,11:07:38,Car ready,1,"IDLE, waiting for event ... ",84,84,4.1,0.0,1,False
2022-05-18,11:22:39,Car ready,1,User Exit App,84,84,4.3,0.0,1,False
2022-05-18,11:22:46,---,1,Power ON ,0,0,0,0.0,0,False
2022-05-18,11:22:51,---,1,"IDLE, waiting for event ... ",84,84,4.3,0.0,1,False
2022-05-18,11:24:32,Car ready,0,CAR UNPLUGGED ,84,84,4.3,0,1,False
2022-05-18,11:24:55,Car unplugged,1,"IDLE, waiting for event ... ",84,84,4.3,0.0,1,False
2022-05-18,14:29:29,Car ready,1,User Exit App,84,84,4.4,0.0,1,False
2022-05-18,14:32:35,---,1,Power ON ,0,0,0,0.0,0,False
2022-05-18,14:32:42,---,1,"IDLE, waiting for event ... ",84,84,4.3,0.0,1,False
2022-05-18,14:32:45,Car ready,1,User Exit App,84,84,4.3,0.0,1,False
2022-05-18,16:44:40,---,1,Power ON ,0,0,0,0.0,0,False
2022-05-18,16:44:46,---,1,"IDLE, waiting for event ... ",84,84,2.5,0.0,1,False
2022-05-18,16:45:22,Car ready,1,User Exit App,84,49.0,2.5,0.0,1,False
2022-05-18,16:47:59,---,1,Power ON ,0,0,0,0.0,0,False
2022-05-18,16:48:05,---,1,"IDLE, waiting for event ... ",84,49,2.4,0.0,1,False
2022-05-18,16:48:31,---,1,Power ON ,0,0,0,0.0,0,False
2022-05-18,16:48:37,---,1,"IDLE, waiting for event ... ",84,49,2.5,0.0,1,False
2022-05-18,16:50:06,Car ready,1,User Exit App,84,49,2.4,0.0,1,False
2022-05-18,16:50:10,---,1,Power ON ,0,0,0,0.0,0,False
2022-05-18,16:50:15,---,1,"IDLE, waiting for event ... ",84,49,2.4,0.0,1,False
2022-05-18,16:51:00,---,1,Power ON ,0,0,0,0.0,0,False
2022-05-18,16:51:05,---,1,"IDLE, waiting for event ... ",84,49,2.4,0.0,1,False
2022-05-18,16:51:33,Car ready,1,User Exit App,84,49,2.4,0.0,1,False
2022-05-18,16:51:36,---,1,Power ON ,0,0,0,0.0,0,False
2022-05-18,16:51:42,---,1,"IDLE, waiting for event ... ",84,49,2.4,0.0,1,False
2022-05-18,16:52:26,Car ready,1,User Exit App,84,49,2.4,0.0,1,False
2022-05-18,16:52:29,---,1,Power ON ,0,0,0,0.0,0,False
2022-05-18,16:52:34,---,1,"IDLE, waiting for event ... ",84,49,2.4,0.0,1,False
2022-05-18,16:53:16,Car ready,1,User Exit App,84,49,2.4,0.0,1,False
2022-05-18,16:53:20,---,1,Power ON ,0,0,0,0.0,0,False
2022-05-18,16:53:24,---,1,"IDLE, waiting for event ... ",84,49,2.4,0.0,1,False
2022-05-18,16:53:43,Car ready,1,User Exit App,84,49,2.4,0.0,1,False
2022-05-18,16:53:52,---,1,Power ON ,0,0,0,0.0,0,False
2022-05-18,16:53:56,---,1,"IDLE, waiting for event ... ",84,49,2.3,0.0,1,False
2022-05-18,16:56:17,Car ready,1,User Exit App,84,80.0,2.3,0.0,1,False
2022-05-18,16:56:34,---,1,Power ON ,0,0,0,0.0,0,False
2022-05-18,16:56:40,---,1,"IDLE, waiting for event ... ",84,80,2.3,0.0,1,False
2022-05-18,16:58:02,Car ready,1,User Exit App,84,80,2.3,0.0,1,False
2022-05-19,15:14:14,---,1,Power ON ,0,0,0,0.0,0,False
2022-05-19,15:14:19,---,1,"IDLE, waiting for event ... ",83,80,3.5,0.0,1,False
2022-05-19,15:16:16,Car ready,3,SOLAR CHARGE active ,83,84.0,2.5,0.0,1,False
2022-05-19,15:16:39,CAR CHARGING,3,SOLAR CHARGE active ,83,84.0,2.5,2.02,1,True
2022-05-19,15:21:03,CAR CHARGING,3,User Exit App,83,84.0,0.2,2.36,1,True
2022-05-19,15:21:05,---,1,Power ON ,0,0,0,0.0,0,False
2022-05-19,15:21:11,---,1,"IDLE, waiting for event ... ",83,84,2.6,0.0,1,False
2022-05-19,15:21:32,---,1,Power ON ,0,0,0,0.0,0,False
2022-05-19,15:21:36,---,1,"IDLE, waiting for event ... ",83,84,2.5,0.0,1,False
2022-05-19,15:22:40,---,1,Power ON ,0,0,0,0.0,0,False
2022-05-19,15:22:44,---,1,"IDLE, waiting for event ... ",83,84,2.5,0.0,1,False
2022-05-19,15:23:06,Car ready,1,User Exit App,83,84,2.5,0.0,1,False
2022-05-19,15:24:49,---,1,Power ON ,0,0,0,0.0,0,False
2022-05-19,15:24:54,---,1,"IDLE, waiting for event ... ",83,84,2.6,0.0,1,False
2022-05-19,15:25:53,Car ready,3,SOLAR CHARGE active ,83,84,2.0,0.0,1,False
2022-05-19,15:26:13,CAR CHARGING,3,SOLAR CHARGE active ,83,84,2.0,1.48,1,True
2022-05-19,15:26:18,CAR CHARGING,3,User Exit App,83,84,2.0,1.48,1,True
2022-05-19,15:26:22,---,1,Power ON ,0,0,0,0.0,0,False
2022-05-19,15:26:27,---,1,"IDLE, waiting for event ... ",83,84,1.2,0.0,1,False
2022-05-19,15:29:34,Car ready,3,SOLAR CHARGE active ,83,84.0,2.5,0.0,1,False
2022-05-19,15:29:54,CAR CHARGING,3,SOLAR CHARGE active ,83,84.0,2.5,2.02,1,True
2022-05-19,15:30:39,CAR CHARGING,1,"IDLE, waiting for event ... ",84,84.0,-0.3,2.06,1,True
2022-05-19,15:37:07,Car ready,1,User Exit App,84,84,2.5,0.0,1,False
2022-05-19,15:37:15,---,1,Power ON ,0,0,0,0.0,0,False
2022-05-19,15:37:20,---,1,"IDLE, waiting for event ... ",84,84,2.0,0.0,1,False
2022-05-19,15:52:03,Car ready,1,User Exit App,84,83.0,3.1,0.0,1,False
2022-05-19,15:52:28,---,1,Power ON ,0,0,0,0.0,0,False
2022-05-19,15:52:32,---,1,"IDLE, waiting for event ... ",84,83,3.0,0.0,1,False
2022-05-19,15:53:33,Car ready,3,SOLAR CHARGE active ,84,85.0,2.9,0.0,1,False
2022-05-19,15:53:52,CAR CHARGING,3,SOLAR CHARGE active ,84,85.0,2.9,2.56,1,True
2022-05-19,16:00:50,CAR CHARGING,1,"IDLE, waiting for event ... ",84,85.0,-0.3,2.05,1,True
2022-05-19,17:49:30,Car ready,1,User Exit App,84,85.0,-0.1,0.0,1,False
2022-05-19,17:49:33,---,1,Power ON ,0,0,0,0.0,0,False
2022-05-19,17:49:38,---,1,"IDLE, waiting for event ... ",84,85,-0.1,0.0,1,False
2022-05-19,17:49:46,Car ready,1,User Exit App,84,85,-0.1,0.0,1,False
2022-05-19,18:05:57,---,1,Power ON ,0,0,0,0.0,0,False
2022-05-19,18:06:01,---,1,"IDLE, waiting for event ... ",84,85,-0.1,0.0,1,False
2022-05-19,18:09:51,Car ready,1,User Exit App,84,85.0,0.0,0.0,1,False
2022-05-21,09:37:29,---,1,Power ON ,0,0,0,0.0,0,False
2022-05-21,09:37:36,---,1,"IDLE, waiting for event ... ",75,85,0.2,0.0,1,False
2022-05-21,09:37:44,Car ready,1,User Exit App,75,85,0.2,0.0,1,False
2022-05-21,09:51:25,---,1,Power ON ,0,0,0,0.0,0,False
2022-05-21,09:51:31,---,1,"IDLE, waiting for event ... ",75,85,0.2,0.0,1,False
2022-05-21,09:51:34,Car ready,1,User Exit App,75,85,0.2,0.0,1,False
2022-05-28,09:23:29,---,1,Power ON ,0,0,0,0.0,0,False
2022-05-28,09:23:33,---,1,"IDLE, waiting for event ... ",85,85,0.6,0.0,1,False
2022-05-28,09:24:56,Car ready,0,CAR UNPLUGGED ,85,95.0,0.6,0,1,False
2022-05-28,09:43:04,---,1,Power ON ,0,0,0,0.0,0,False
2022-05-28,09:43:07,---,0,CAR UNPLUGGED ,0,95,1.0,0,0,False
2022-05-28,09:43:24,Car unplugged,0,User Exit App,0,95,1.0,0,0,False
2022-05-28,09:43:27,---,1,Power ON ,0,0,0,0.0,0,False
2022-05-28,09:43:34,---,0,CAR UNPLUGGED ,0,95,0.9,0,0,False
2022-05-28,10:37:35,Car unplugged,1,"IDLE, waiting for event ... ",85,95,4.5,0.0,1,False
2022-05-28,10:37:58,Car ready,3,SOLAR CHARGE active ,85,95,2.0,0.0,1,False
2022-05-28,10:38:18,CAR CHARGING,3,SOLAR CHARGE active ,85,95,2.0,1.49,1,True
2022-05-28,10:50:07,---,1,Power ON ,0,0,0,0.0,0,False
2022-05-28,10:50:09,---,0,CAR UNPLUGGED ,0,95,4.8,0,0,False
2022-05-28,10:50:52,Car unplugged,1,"IDLE, waiting for event ... ",85,95,4.8,0.0,1,False
2022-05-28,10:51:11,Car ready,3,SOLAR CHARGE active ,85,95,4.8,0.0,1,False
2022-05-28,10:51:31,CAR CHARGING,3,SOLAR CHARGE active ,85,95,4.8,3.15,1,True
2022-05-28,10:57:03,Car unplugged,3,User Exit App,85,95,4.8,0,1,False
2022-05-28,10:57:10,---,1,Power ON ,0,0,0,0.0,0,False
2022-05-28,10:57:36,---,0,CAR UNPLUGGED ,0,95,4.6,0,0,False
2022-05-28,10:58:42,Car unplugged,1,"IDLE, waiting for event ... ",85,95,4.0,0.0,1,False
2022-05-28,10:59:23,Car ready,3,SOLAR CHARGE active ,85,95,4.8,0.0,1,False
2022-05-28,10:59:43,CAR CHARGING,3,SOLAR CHARGE active ,85,95,4.8,3.11,1,True
2022-05-28,11:06:22,Car unplugged,3,User Exit App,85,95,5.0,0,1,False
2022-05-28,11:07:48,---,1,Power ON ,0,0,0,0.0,0,False
2022-05-28,11:07:51,---,0,CAR UNPLUGGED ,0,95,3.8,0,0,False
2022-05-28,11:08:00,---,1,Power ON ,0,0,0,0.0,0,False
2022-05-28,11:08:02,---,0,CAR UNPLUGGED ,0,95,2.2,0,0,False
2022-05-28,11:08:03,Car unplugged,0,User Exit App,0,95,2.2,0,0,False
2022-05-28,11:08:07,---,1,Power ON ,0,0,0,0.0,0,False
2022-05-28,11:08:10,---,0,CAR UNPLUGGED ,0,95,2.6,0,0,False
2022-05-28,11:10:13,Car unplugged,1,"IDLE, waiting for event ... ",85,95,1.7,0.0,1,False
2022-05-28,11:11:11,Car ready,3,SOLAR CHARGE active ,85,95,3.4,0.0,1,False
2022-05-28,11:11:31,CAR CHARGING,3,SOLAR CHARGE active ,85,95,3.4,2.87,1,True
2022-05-28,11:12:13,CAR CHARGING,0,CAR UNPLUGGED ,85,95,4.9,0,1,False
2022-05-28,11:14:29,Car unplugged,1,"IDLE, waiting for event ... ",86,95,5.3,0.09,1,False
2022-05-28,11:14:31,Car ready,3,SOLAR CHARGE active ,86,95,2.2,3.15,1,False
2022-05-28,11:21:31,CAR CHARGING,3,SOLAR CHARGE active ,86,95,2.3,3.11,1,True
2022-05-28,11:31:31,CAR CHARGING,3,SOLAR CHARGE active ,87,95,0.3,2.92,1,True
2022-05-28,11:41:42,CAR CHARGING,3,SOLAR CHARGE active ,87,95.0,2.9,3.08,1,True
2022-05-28,11:51:42,CAR CHARGING,3,SOLAR CHARGE active ,88,95.0,2.4,1.98,1,True
2022-05-28,12:01:42,CAR CHARGING,3,SOLAR CHARGE active ,-1,95.0,2.0,0.0,1,True
2022-05-28,12:02:08,Error reading car,1,"IDLE, waiting for event ... ",-1,95.0,2.0,0.0,1,True
2022-05-28,12:04:30,Car ready,3,SOLAR CHARGE active ,88,95,5.0,0.0,1,False
2022-05-28,12:11:43,CAR CHARGING,3,SOLAR CHARGE active ,88,95,0.1,2.92,1,True
2022-05-28,12:18:55,CAR CHARGING,1,"IDLE, waiting for event ... ",88,95,0.0,1.7,1,False
2022-05-28,12:40:40,Car ready,1,User Exit App,89,95,-2.0,0.0,1,False
2022-05-29,20:36:32,---,1,Power ON ,0,0,0,0.0,0,False
2022-05-29,20:38:09,---,1,Power ON ,0,0,0,0.0,0,False
2022-05-29,20:38:13,---,1,"IDLE, waiting for event ... ",96,95,-0.1,0.0,1,False
2022-05-29,20:38:20,Car ready,1,User Exit App,96,95,-0.1,0.0,1,False
2022-05-29,20:40:35,---,1,Power ON ,0,0,0,0.0,0,False
2022-05-29,20:40:40,---,1,"IDLE, waiting for event ... ",96,95,-0.2,0.0,1,False
2022-05-29,20:40:42,Car ready,1,User Exit App,96,95,-0.2,0.0,1,False
2022-05-29,20:41:37,---,1,Power ON ,0,0,0,0.0,0,False
2022-05-29,20:41:41,---,1,"IDLE, waiting for event ... ",96,95,-0.2,0.0,1,False
2022-05-29,20:41:42,Car ready,1,User Exit App,96,95,-0.2,0.0,1,False
2022-05-29,20:41:53,---,1,Power ON ,0,0,0,0.0,0,False
2022-05-29,20:41:57,---,1,"IDLE, waiting for event ... ",96,95,-0.2,0.0,1,False
2022-05-29,20:41:58,Car ready,1,User Exit App,96,95,-0.2,0.0,1,False
2022-05-29,20:44:48,---,1,Power ON ,0,0,0,0.0,0,False
2022-05-29,20:44:52,---,1,"IDLE, waiting for event ... ",96,95,-0.2,0.0,1,False
2022-05-29,20:45:41,Car ready,1,User Exit App,96,95,-0.2,0.0,1,False
2022-05-30,10:44:51,---,1,Power ON ,0,0,0,0.0,0,False
2022-05-30,10:44:53,---,0,CAR UNPLUGGED ,0,95,4.0,0,0,False
2022-05-30,10:48:24,Car unplugged,0,User Exit App,0,95,3.9,0,0,False
2022-05-30,10:48:28,---,1,Power ON ,0,0,0,0.0,0,False
2022-05-30,10:48:32,---,0,CAR UNPLUGGED ,96,95,4.0,0,0,False
2022-05-30,11:05:35,Car unplugged,0,User Exit App,96,98.0,4.1,0,0,False
2022-05-30,11:05:59,---,1,Power ON ,0,0,0,0.0,0,False
2022-05-30,11:06:03,---,0,CAR UNPLUGGED ,96,98,4.1,0,0,False
2022-05-30,11:08:13,---,1,Power ON ,0,0,0,0.0,0,False
2022-05-30,11:08:18,---,0,CAR UNPLUGGED ,96,98,4.2,0,0,False
2022-05-30,11:14:11,Car unplugged,0,User Exit App,96,98,4.4,0,0,False
2022-05-30,11:14:15,---,1,Power ON ,0,0,0,0.0,0,False
2022-05-30,11:14:21,---,0,CAR UNPLUGGED ,96,98,4.4,0,0,False
2022-05-30,11:15:33,Car unplugged,0,User Exit App,96,98,4.4,0,0,False
2022-05-30,11:15:36,---,1,Power ON ,0,0,0,0.0,0,False
2022-05-30,11:15:41,---,0,CAR UNPLUGGED ,96,98,4.4,0,0,False
2022-05-30,11:19:41,Car unplugged,0,User Exit App,96,98,4.4,0,0,False
2022-05-30,11:19:46,---,1,Power ON ,0,0,0,0.0,0,False
2022-05-30,11:20:25,---,0,CAR UNPLUGGED ,96,98,4.5,0,0,False
2022-05-30,11:21:58,---,1,Power ON ,0,0,0,0.0,0,False
2022-05-30,11:22:03,---,0,CAR UNPLUGGED ,96,98,4.5,0,0,False
2022-05-30,11:25:36,Car unplugged,0,User Exit App,96,97.0,4.6,0,0,False
2022-05-30,11:25:39,---,1,Power ON ,0,0,0,0.0,0,False
2022-05-30,11:25:44,---,0,CAR UNPLUGGED ,96,97,4.6,0,0,False
2022-05-30,11:26:33,Car unplugged,0,User Exit App,96,97,4.6,0,0,False
2022-05-30,11:27:27,---,1,Power ON ,0,0,0,0.0,0,False
2022-05-30,11:27:32,---,0,CAR UNPLUGGED ,96,97,4.6,0,0,False
2022-05-30,11:27:40,Car unplugged,0,User Exit App,96,97,4.6,0,0,False
2022-05-30,11:28:24,---,1,Power ON ,0,0,0,0.0,0,False
2022-05-30,11:28:29,---,0,CAR UNPLUGGED ,96,97,4.6,0,0,False
2022-05-30,12:10:13,Car unplugged,0,User Exit App,96,97,2.9,0,0,False
2022-06-01,11:54:30,---,1,Power ON ,0,0,0,0.0,0,False
2022-06-01,11:54:37,---,0,CAR UNPLUGGED ,96,97,5.1,0,0,False
2022-06-01,11:54:43,Car unplugged,0,User Exit App,96,97,5.1,0,0,False
2022-06-01,11:55:38,---,1,Power ON ,0,0,0,0.0,0,False
2022-06-01,11:57:25,---,1,Power ON ,0,0,0,0.0,0,False
2022-06-01,11:57:29,---,0,CAR UNPLUGGED ,96,97,5.6,0,0,False
2022-06-01,11:57:33,Car unplugged,0,User Exit App,96,97,5.6,0,0,False
2022-06-01,11:59:43,---,1,Power ON ,0,0,0,0.0,0,False
2022-06-01,12:00:42,---,1,Power ON ,0,0,0,0.0,0,False
2022-06-01,12:01:55,---,1,Power ON ,0,0,0,0.0,0,False
2022-06-01,12:04:59,---,1,Power ON ,0,0,0,0.0,0,False
2022-06-01,12:05:32,---,1,Power ON ,0,0,0,0.0,0,False
2022-06-01,12:06:18,---,1,Power ON ,0,0,0,0.0,0,False
2022-06-01,12:14:34,---,1,Power ON ,0,0,0,0.0,0,False
2022-06-01,12:15:00,---,1,Power ON ,0,0,0,0.0,0,False
2022-06-01,12:15:04,---,0,CAR UNPLUGGED ,96,97,-0.3,0,0,False
2022-06-01,12:15:14,Car unplugged,0,User Exit App,96,97,-0.3,0,0,False
2022-06-04,16:33:18,---,1,Power ON ,0,0,0,0.0,0,False
2022-06-04,16:33:22,---,0,CAR UNPLUGGED ,96,97,2.7,0,0,False
2022-06-04,16:35:11,Car unplugged,0,User Exit App,96,97,2.7,0,0,False
2022-06-04,16:37:09,---,1,Power ON ,0,0,0,0.0,0,False
2022-06-04,16:37:15,---,0,CAR UNPLUGGED ,96,97,2.6,0,0,False
2022-06-04,16:42:11,Car unplugged,0,User Exit App,96,97,2.6,0,0,False
2022-06-10,15:52:19,---,1,Power ON ,0,0,0,0.0,0,False
2022-06-10,15:52:25,---,1,"IDLE, waiting for event ... ",54,97,3.2,0.07,1,True
2022-06-10,15:52:25,CAR CHARGING,1,"IDLE, waiting for event ... ",54,97,3.2,0.07,1,True
2022-06-10,15:52:31,Car ready,1,User Exit App,54,97,3.2,0.07,1,True
2022-06-10,15:53:56,---,1,Power ON ,0,0,0,0.0,0,False
2022-06-10,15:54:00,---,1,"IDLE, waiting for event ... ",54,97,3.3,0.0,1,False
2022-06-10,15:54:01,Car ready,1,User Exit App,54,97,3.3,0.0,1,False
2022-08-09,16:08:23,---,1,Power ON ,0,0,0,0.0,0,False
2022-08-09,16:08:28,---,1,"IDLE, waiting for event ... ",90,97,3.1,0.0,1,False
2022-08-09,16:08:52,Car ready,1,User Exit App,90,90.0,3.1,0.0,1,False
2022-08-09,16:18:55,---,1,Power ON ,0,0,0,0.0,0,False
2022-08-09,16:19:00,---,1,"IDLE, waiting for event ... ",90,90,3.0,0.0,1,False
2022-08-09,16:19:06,Car ready,1,User Exit App,90,90,3.0,0.0,1,False
2022-08-09,16:21:03,---,1,Power ON ,0,0,0,0.0,0,False
2022-08-09,16:21:08,---,1,"IDLE, waiting for event ... ",90,90,2.9,0.0,1,False
2022-08-09,16:21:09,Car ready,1,User Exit App,90,90,2.9,0.0,1,False
2022-08-09,16:35:01,---,1,Power ON ,0,0,0,0.0,0,False
2022-08-09,16:35:08,---,1,"IDLE, waiting for event ... ",90,90,2.8,0.0,1,False
2022-08-09,16:35:12,Car ready,1,User Exit App,90,90,2.8,0.0,1,False
2022-08-09,16:40:05,---,1,Power ON ,0,0,0,0.0,0,False
2022-08-09,16:40:15,---,1,"IDLE, waiting for event ... ",90,90,2.6,0.0,1,False
2022-08-09,16:40:17,Car ready,1,User Exit App,90,90,2.6,0.0,1,False
2022-08-09,17:30:47,---,1,Power ON ,0,0,0,0.0,0,False
2022-08-09,17:30:54,---,1,"IDLE, waiting for event ... ",90,90,1.8,0.0,1,False
2022-08-09,17:30:56,Car ready,1,User Exit App,90,90,1.8,0.0,1,False
2022-08-09,17:31:02,---,1,Power ON ,0,0,0,0.0,0,False
2022-08-09,17:31:08,---,1,"IDLE, waiting for event ... ",90,90,1.8,0.0,1,False
2022-08-09,17:31:09,Car ready,1,User Exit App,90,90,1.8,0.0,1,False
2022-08-09,17:39:17,---,1,Power ON ,0,0,0,0.0,0,False
2022-08-09,17:39:23,---,1,"IDLE, waiting for event ... ",90,90,1.7,0.0,1,False
2022-08-09,17:39:27,Car ready,1,User Exit App,90,90,1.7,0.0,1,False
2022-08-09,17:50:33,---,1,Power ON ,0,0,0,0.0,0,False
2022-08-09,17:50:40,---,1,"IDLE, waiting for event ... ",90,90,1.4,0.0,1,False
2022-08-09,17:51:06,Car ready,1,User Exit App,90,90,1.4,0.0,1,False
2022-08-09,17:51:14,---,1,Power ON ,0,0,0,0.0,0,False
2022-08-09,17:51:19,---,1,"IDLE, waiting for event ... ",90,90,1.4,0.0,1,False
2022-08-09,17:51:47,Car ready,1,User Exit App,90,90,1.4,0.0,1,False
2022-08-09,18:03:59,---,1,Power ON ,0,0,0,0.0,0,False
2022-08-09,18:04:05,---,1,"IDLE, waiting for event ... ",90,90,1.1,0.0,1,False
2022-08-09,18:04:12,Car ready,1,User Exit App,90,90,1.1,0.0,1,False
2022-09-07,14:57:35,---,1,Power ON ,0,0,0,0.0,0,False
2022-09-07,14:57:39,---,1,"IDLE, waiting for event ... ",-1,90,2.3,0.0,1,False
2022-09-07,14:59:28,---,1,Power ON ,0,0,0,0.0,0,False
2022-09-07,14:59:33,---,1,"IDLE, waiting for event ... ",-1,90,1.9,0.0,1,False
2022-09-07,15:00:07,Error reading car,1,User Exit App,-1,90,1.9,0.0,1,False
2022-09-07,15:01:41,---,1,Power ON ,0,0,0,0.0,0,False
2022-09-07,15:01:45,---,1,"IDLE, waiting for event ... ",-1,90,2.0,0.0,1,False
2022-09-07,15:06:22,---,1,Power ON ,0,0,0,0.0,0,False
2022-09-07,15:06:26,---,1,"IDLE, waiting for event ... ",-1,90,2.4,0.0,1,False
2022-09-07,15:09:56,---,1,Power ON ,0,0,0,0.0,0,False
2022-09-07,15:09:59,---,1,"IDLE, waiting for event ... ",-1,90,2.5,0.0,1,False
2022-09-07,15:10:50,---,1,Power ON ,0,0,0,0.0,0,False
2022-09-07,15:11:46,---,1,Power ON ,0,0,0,0.0,0,False
2022-09-07,15:11:52,---,1,Power ON ,0,0,0,0.0,0,False
2022-09-07,15:12:00,---,1,Power ON ,0,0,0,0.0,0,False
2022-09-07,15:12:07,---,1,"IDLE, waiting for event ... ",-1,90,2.6,0.0,1,False
2022-09-07,15:24:09,---,1,Power ON ,0,0,0,0.0,0,False
2022-09-07,15:24:30,---,1,"IDLE, waiting for event ... ",-1,90,2.9,0.0,1,False
2022-09-07,15:25:30,---,1,Power ON ,0,0,0,0.0,0,False
2022-09-07,15:25:33,---,1,"IDLE, waiting for event ... ",-1,90,4.5,0.0,1,False
2022-09-07,15:33:20,---,1,Power ON ,0,0,0,0.0,0,False
2022-09-07,15:33:23,---,1,"IDLE, waiting for event ... ",-1,90,3.2,0.0,1,False
2022-09-07,19:08:49,---,1,Power ON ,0,0,0,0.0,0,False
2022-09-07,19:08:56,---,1,"IDLE, waiting for event ... ",90,91,-0.2,0.0,1,False
2022-09-07,19:08:57,Car ready,1,User Exit App,90,91,-0.2,0.0,1,False
2022-10-25,10:53:25,---,1,Power ON ,0,0,0,0.0,0,False
2022-10-25,10:54:27,---,1,"IDLE, waiting for event ... ",0,91,1.7,0.0,0,False
2022-11-05,10:41:47,---,1,Power ON ,0,0,0,0.0,0,False
2022-11-05,10:42:49,---,1,"IDLE, waiting for event ... ",0,91,0.3,0.0,0,False
2022-11-05,10:47:02,---,1,Power ON ,0,0,0,0.0,0,False
2022-11-05,10:50:27,---,1,Power ON ,0,0,0,0.0,0,False
2022-11-05,11:07:11,---,1,Power ON ,0,0,0,0.0,0,False
2022-11-05,11:08:13,---,1,Power ON ,0,0,0,0.0,0,False
2022-11-05,11:08:20,---,1,"IDLE, waiting for event ... ",77,91,0.1,0.0,1,False
2022-11-05,11:08:27,Car ready,1,User Exit App,77,91,0.1,0.0,1,False
2022-11-05,11:09:18,---,1,Power ON ,0,0,0,0.0,0,False
2022-11-05,11:09:29,---,1,"IDLE, waiting for event ... ",77,91,0.1,0.0,1,False
2022-11-05,11:10:08,Car ready,1,User Exit App,77,91,0.1,0.0,1,False
2022-11-07,10:43:17,---,1,Power ON ,0,0,0,0.0,0,False
2022-11-07,10:45:28,---,1,Power ON ,0,0,0,0.0,0,False
2022-11-07,10:45:35,---,1,"IDLE, waiting for event ... ",46,91,1.3,0.0,1,False
2022-11-09,14:46:29,---,1,Power ON ,0,0,0,0.0,0,False
2022-11-09,14:47:00,---,1,Power ON ,0,0,0,0.0,0,False
2022-11-09,14:48:17,---,1,Power ON ,0,0,0,0.0,0,False
2022-11-09,14:50:14,---,1,Power ON ,0,0,0,0.0,0,False
2022-11-09,14:52:45,---,1,Power ON ,0,0,0,0.0,0,False
2022-11-09,14:55:50,---,1,Power ON ,0,0,0,0.0,0,False
2022-11-09,14:58:24,---,1,Power ON ,0,0,0,0.0,0,False
2022-11-09,14:58:54,---,1,Power ON ,0,0,0,0.0,0,False
2022-11-09,15:01:38,---,1,Power ON ,0,0,0,0.0,0,False
2022-11-09,15:02:49,---,1,Power ON ,0,0,0,0.0,0,False
2022-11-09,15:05:14,---,1,Power ON ,0,0,0,0.0,0,False
2022-11-09,15:07:47,---,1,"IDLE, waiting for event ... ",68,91,-0.1,0.0,1,False
2022-11-09,15:09:48,Car ready,4,FORCED charge initiated ,68,84,-0.1,0.0,1,False
2022-11-09,15:09:55,Car ready,5,FORCED charge active ,68,84,-0.1,0.0,1,False
2022-11-09,15:10:14,CAR CHARGING,5,FORCED charge active ,68,84,-0.1,2.31,1,True
2022-11-09,15:10:31,CAR CHARGING,6,FORCED charge stopped ,68,84,-0.1,2.31,1,True
2022-11-09,15:10:37,CAR CHARGING,1,"IDLE, waiting for event ... ",68,84,-0.1,2.37,1,False
2022-11-09,15:21:21,---,1,Power ON ,0,0,0,0.0,0,False
2022-11-09,15:21:25,---,1,"IDLE, waiting for event ... ",68,91,-1.9,0.0,1,False
2022-11-09,15:55:26,---,1,Power ON ,0,0,0,0.0,0,False
2022-11-09,15:55:30,---,1,"IDLE, waiting for event ... ",68,91,-2.3,0.0,1,False
2022-11-09,15:55:57,Car ready,4,FORCED charge initiated ,68,84,-2.3,0.0,1,False
2022-11-09,15:55:59,Car ready,5,FORCED charge active ,68,84,-2.3,0.0,1,False
2022-11-09,15:56:18,CAR CHARGING,5,FORCED charge active ,68,84,-2.3,2.3,1,True
2022-11-09,15:56:50,CAR CHARGING,6,FORCED charge stopped ,68,84,-4.6,2.35,1,True
2022-11-09,15:57:00,CAR CHARGING,1,"IDLE, waiting for event ... ",68,84,-4.6,2.36,1,False
2022-11-09,15:57:29,Car ready,1,User Exit App,68,91,-4.6,0.0,1,False
2022-11-10,10:16:44,---,1,Power ON ,0,0,0,0.0,0,False
2022-11-10,10:16:48,---,1,"IDLE, waiting for event ... ",68,91,-0.6,0.0,1,False
2022-11-10,10:16:52,Car ready,1,User Exit App,68,91,-0.6,0.0,1,False
2023-08-30,16:05:03,---,1,Power ON ,0,0,0,0.0,0,False
2023-08-30,16:05:07,---,1,"IDLE, waiting for event ... ",90,90,3.0,0.0,1,False
2023-08-30,16:05:26,Car ready,1,User Exit App,90,90,3.0,0.0,1,False
2023-08-30,16:25:32,---,1,Power ON ,0,0,0,0.0,0,False
2023-08-30,16:25:36,---,1,"IDLE, waiting for event ... ",90,90,2.8,0.0,1,False
2023-08-30,16:30:42,---,1,Power ON ,0,0,0,0.0,0,False
2023-08-30,16:30:46,---,1,"IDLE, waiting for event ... ",90,90,2.9,0.0,1,False
2023-08-30,16:31:10,Car ready,1,User Exit App,90,90,2.9,0.0,1,False
